userID,modality,trainingData,auth1Data,auth2Data
267spXKQrOQxNGhW9Mj19RVBZnF3,AUD,"[{'subBlock': 1, 'noiseHits': 67, 'noiseMisses': 23, 'passHits': 321, 'passMisses': 129}, {'subBlock': 2, 'noiseHits': 57, 'noiseMisses': 33, 'passHits': 270, 'passMisses': 180}, {'subBlock': 3, 'noiseHits': 71, 'noiseMisses': 19, 'passHits': 296, 'passMisses': 154}, {'subBlock': 4, 'noiseHits': 70, 'noiseMisses': 20, 'passHits': 344, 'passMisses': 106}, {'subBlock': 5, 'noiseHits': 66, 'noiseMisses': 24, 'passHits': 297, 'passMisses': 153}, {'subBlock': 6, 'noiseHits': 58, 'noiseMisses': 32, 'passHits': 302, 'passMisses': 148}, {'subBlock': 7, 'noiseHits': 61, 'noiseMisses': 29, 'passHits': 306, 'passMisses': 144}]","[{'subBlock': 1, 'noiseHits': 233, 'noiseMisses': 127, 'passHits': 141, 'passMisses': 39}]","[{'subBlock': 1, 'noiseHits': 248, 'noiseMisses': 112, 'passHits': 131, 'passMisses': 49}]"
2IuHuexDUpgOdXCBYfDqO7ubtEC2,AUD,"[{'subBlock': 1, 'noiseHits': 47, 'noiseMisses': 43, 'passHits': 326, 'passMisses': 124}, {'subBlock': 2, 'noiseHits': 73, 'noiseMisses': 17, 'passHits': 402, 'passMisses': 48}, {'subBlock': 3, 'noiseHits': 63, 'noiseMisses': 27, 'passHits': 372, 'passMisses': 78}, {'subBlock': 4, 'noiseHits': 60, 'noiseMisses': 30, 'passHits': 346, 'passMisses': 104}, {'subBlock': 5, 'noiseHits': 77, 'noiseMisses': 13, 'passHits': 376, 'passMisses': 74}, {'subBlock': 6, 'noiseHits': 70, 'noiseMisses': 20, 'passHits': 354, 'passMisses': 96}, {'subBlock': 7, 'noiseHits': 76, 'noiseMisses': 14, 'passHits': 392, 'passMisses': 58}]","[{'subBlock': 1, 'noiseHits': 211, 'noiseMisses': 149, 'passHits': 142, 'passMisses': 38}]","[{'subBlock': 1, 'noiseHits': 240, 'noiseMisses': 120, 'passHits': 153, 'passMisses': 27}]"
3YKJchZqXXPUm7ouoYwzWlTp4D53,CONTROL,"[{'subBlock': 1, 'noiseHits': 58, 'noiseMisses': 32, 'passHits': 338, 'passMisses': 112}, {'subBlock': 2, 'noiseHits': 51, 'noiseMisses': 39, 'passHits': 309, 'passMisses': 141}, {'subBlock': 3, 'noiseHits': 44, 'noiseMisses': 46, 'passHits': 285, 'passMisses': 165}, {'subBlock': 4, 'noiseHits': 67, 'noiseMisses': 23, 'passHits': 377, 'passMisses': 73}, {'subBlock': 5, 'noiseHits': 45, 'noiseMisses': 45, 'passHits': 228, 'passMisses': 222}, {'subBlock': 6, 'noiseHits': 52, 'noiseMisses': 38, 'passHits': 291, 'passMisses': 159}, {'subBlock': 7, 'noiseHits': 73, 'noiseMisses': 17, 'passHits': 343, 'passMisses': 107}]","[{'subBlock': 1, 'noiseHits': 266, 'noiseMisses': 94, 'passHits': 116, 'passMisses': 64}]","[{'subBlock': 1, 'noiseHits': 244, 'noiseMisses': 116, 'passHits': 105, 'passMisses': 75}]"
4SQKvEIUBucwuWNoKkOVBX30H1P2,CONTROL,"[{'subBlock': 1, 'noiseHits': 65, 'noiseMisses': 25, 'passHits': 281, 'passMisses': 169}, {'subBlock': 2, 'noiseHits': 64, 'noiseMisses': 26, 'passHits': 355, 'passMisses': 95}, {'subBlock': 3, 'noiseHits': 66, 'noiseMisses': 24, 'passHits': 328, 'passMisses': 122}, {'subBlock': 4, 'noiseHits': 61, 'noiseMisses': 29, 'passHits': 319, 'passMisses': 131}, {'subBlock': 5, 'noiseHits': 60, 'noiseMisses': 30, 'passHits': 332, 'passMisses': 118}, {'subBlock': 6, 'noiseHits': 58, 'noiseMisses': 32, 'passHits': 341, 'passMisses': 109}, {'subBlock': 7, 'noiseHits': 70, 'noiseMisses': 20, 'passHits': 373, 'passMisses': 77}]","[{'subBlock': 1, 'noiseHits': 258, 'noiseMisses': 102, 'passHits': 127, 'passMisses': 53}]","[{'subBlock': 1, 'noiseHits': 252, 'noiseMisses': 108, 'passHits': 133, 'passMisses': 47}]"
5NToitXbnhXNNLn80hbxLBUSbfw2,VIS,"[{'subBlock': 1, 'noiseHits': 66, 'noiseMisses': 24, 'passHits': 318, 'passMisses': 132}, {'subBlock': 2, 'noiseHits': 75, 'noiseMisses': 15, 'passHits': 357, 'passMisses': 93}, {'subBlock': 3, 'noiseHits': 68, 'noiseMisses': 22, 'passHits': 377, 'passMisses': 73}, {'subBlock': 4, 'noiseHits': 82, 'noiseMisses': 8, 'passHits': 374, 'passMisses': 76}, {'subBlock': 5, 'noiseHits': 61, 'noiseMisses': 29, 'passHits': 382, 'passMisses': 68}, {'subBlock': 6, 'noiseHits': 61, 'noiseMisses': 29, 'passHits': 358, 'passMisses': 92}, {'subBlock': 7, 'noiseHits': 51, 'noiseMisses': 39, 'passHits': 345, 'passMisses': 105}]","[{'subBlock': 1, 'noiseHits': 250, 'noiseMisses': 110, 'passHits': 145, 'passMisses': 35}]","[{'subBlock': 1, 'noiseHits': 258, 'noiseMisses': 102, 'passHits': 144, 'passMisses': 36}]"
65qKvHVigZWSKEudna7mKuXpDVP2,CONTROL,"[{'subBlock': 1, 'noiseHits': 67, 'noiseMisses': 23, 'passHits': 376, 'passMisses': 74}, {'subBlock': 2, 'noiseHits': 83, 'noiseMisses': 7, 'passHits': 389, 'passMisses': 61}, {'subBlock': 3, 'noiseHits': 76, 'noiseMisses': 14, 'passHits': 410, 'passMisses': 40}, {'subBlock': 4, 'noiseHits': 71, 'noiseMisses': 19, 'passHits': 401, 'passMisses': 49}, {'subBlock': 5, 'noiseHits': 75, 'noiseMisses': 15, 'passHits': 401, 'passMisses': 49}, {'subBlock': 6, 'noiseHits': 76, 'noiseMisses': 14, 'passHits': 418, 'passMisses': 32}, {'subBlock': 7, 'noiseHits': 76, 'noiseMisses': 14, 'passHits': 406, 'passMisses': 44}]","[{'subBlock': 1, 'noiseHits': 299, 'noiseMisses': 61, 'passHits': 146, 'passMisses': 34}]","[{'subBlock': 1, 'noiseHits': 346, 'noiseMisses': 14, 'passHits': 176, 'passMisses': 4}]"
6VsFHBaB5TQR0W75K7JqBffETTF2,VIS,"[{'subBlock': 1, 'noiseHits': 55, 'noiseMisses': 35, 'passHits': 303, 'passMisses': 147}, {'subBlock': 2, 'noiseHits': 58, 'noiseMisses': 32, 'passHits': 330, 'passMisses': 120}, {'subBlock': 3, 'noiseHits': 56, 'noiseMisses': 34, 'passHits': 357, 'passMisses': 93}, {'subBlock': 4, 'noiseHits': 47, 'noiseMisses': 43, 'passHits': 321, 'passMisses': 129}, {'subBlock': 5, 'noiseHits': 59, 'noiseMisses': 31, 'passHits': 340, 'passMisses': 110}, {'subBlock': 6, 'noiseHits': 53, 'noiseMisses': 37, 'passHits': 339, 'passMisses': 111}, {'subBlock': 7, 'noiseHits': 52, 'noiseMisses': 38, 'passHits': 324, 'passMisses': 126}]","[{'subBlock': 1, 'noiseHits': 233, 'noiseMisses': 127, 'passHits': 143, 'passMisses': 37}]","[{'subBlock': 1, 'noiseHits': 215, 'noiseMisses': 145, 'passHits': 148, 'passMisses': 32}]"
9FfHMesEQPaqyAYWwWe1SHcOkTc2,AUD,"[{'subBlock': 1, 'noiseHits': 77, 'noiseMisses': 13, 'passHits': 356, 'passMisses': 94}, {'subBlock': 2, 'noiseHits': 52, 'noiseMisses': 38, 'passHits': 246, 'passMisses': 204}, {'subBlock': 3, 'noiseHits': 61, 'noiseMisses': 29, 'passHits': 308, 'passMisses': 142}, {'subBlock': 4, 'noiseHits': 74, 'noiseMisses': 16, 'passHits': 352, 'passMisses': 98}, {'subBlock': 5, 'noiseHits': 42, 'noiseMisses': 48, 'passHits': 261, 'passMisses': 189}, {'subBlock': 6, 'noiseHits': 63, 'noiseMisses': 27, 'passHits': 321, 'passMisses': 129}, {'subBlock': 7, 'noiseHits': 65, 'noiseMisses': 25, 'passHits': 345, 'passMisses': 105}]","[{'subBlock': 1, 'noiseHits': 247, 'noiseMisses': 113, 'passHits': 137, 'passMisses': 43}]","[{'subBlock': 1, 'noiseHits': 274, 'noiseMisses': 86, 'passHits': 140, 'passMisses': 40}]"
9h37ieedjaThrNu036JihS7KRiJ3,CONTROL,"[{'subBlock': 1, 'noiseHits': 60, 'noiseMisses': 30, 'passHits': 308, 'passMisses': 142}, {'subBlock': 2, 'noiseHits': 55, 'noiseMisses': 35, 'passHits': 294, 'passMisses': 156}, {'subBlock': 3, 'noiseHits': 71, 'noiseMisses': 19, 'passHits': 379, 'passMisses': 71}, {'subBlock': 4, 'noiseHits': 44, 'noiseMisses': 46, 'passHits': 299, 'passMisses': 151}, {'subBlock': 5, 'noiseHits': 47, 'noiseMisses': 43, 'passHits': 283, 'passMisses': 167}, {'subBlock': 6, 'noiseHits': 36, 'noiseMisses': 54, 'passHits': 279, 'passMisses': 171}, {'subBlock': 7, 'noiseHits': 59, 'noiseMisses': 31, 'passHits': 332, 'passMisses': 118}]","[{'subBlock': 1, 'noiseHits': 244, 'noiseMisses': 116, 'passHits': 148, 'passMisses': 32}]","[{'subBlock': 1, 'noiseHits': 247, 'noiseMisses': 113, 'passHits': 132, 'passMisses': 48}]"
A0b5HPHEjqU9SrIbIHBMrCIDWS52,AUD,"[{'subBlock': 1, 'noiseHits': 60, 'noiseMisses': 30, 'passHits': 274, 'passMisses': 176}, {'subBlock': 2, 'noiseHits': 75, 'noiseMisses': 15, 'passHits': 340, 'passMisses': 110}, {'subBlock': 3, 'noiseHits': 55, 'noiseMisses': 35, 'passHits': 258, 'passMisses': 192}, {'subBlock': 4, 'noiseHits': 85, 'noiseMisses': 5, 'passHits': 390, 'passMisses': 60}, {'subBlock': 5, 'noiseHits': 45, 'noiseMisses': 45, 'passHits': 234, 'passMisses': 216}, {'subBlock': 6, 'noiseHits': 45, 'noiseMisses': 45, 'passHits': 248, 'passMisses': 202}, {'subBlock': 7, 'noiseHits': 78, 'noiseMisses': 12, 'passHits': 387, 'passMisses': 63}]","[{'subBlock': 1, 'noiseHits': 259, 'noiseMisses': 101, 'passHits': 130, 'passMisses': 50}]","[{'subBlock': 1, 'noiseHits': 252, 'noiseMisses': 108, 'passHits': 112, 'passMisses': 68}]"
AkOKiuT0ArUEllVdm7QbvgkX0772,CONTROL,"[{'subBlock': 1, 'noiseHits': 64, 'noiseMisses': 26, 'passHits': 318, 'passMisses': 132}, {'subBlock': 2, 'noiseHits': 47, 'noiseMisses': 43, 'passHits': 246, 'passMisses': 204}, {'subBlock': 3, 'noiseHits': 79, 'noiseMisses': 11, 'passHits': 370, 'passMisses': 80}, {'subBlock': 4, 'noiseHits': 83, 'noiseMisses': 7, 'passHits': 374, 'passMisses': 76}, {'subBlock': 5, 'noiseHits': 38, 'noiseMisses': 52, 'passHits': 207, 'passMisses': 243}, {'subBlock': 6, 'noiseHits': 52, 'noiseMisses': 38, 'passHits': 244, 'passMisses': 206}, {'subBlock': 7, 'noiseHits': 67, 'noiseMisses': 23, 'passHits': 340, 'passMisses': 110}]","[{'subBlock': 1, 'noiseHits': 244, 'noiseMisses': 116, 'passHits': 130, 'passMisses': 50}]","[{'subBlock': 1, 'noiseHits': 263, 'noiseMisses': 97, 'passHits': 116, 'passMisses': 64}]"
AyFpXZsvJiXRtg1ztcUhwHs2YKq2,VIS,"[{'subBlock': 1, 'noiseHits': 61, 'noiseMisses': 29, 'passHits': 308, 'passMisses': 142}, {'subBlock': 2, 'noiseHits': 61, 'noiseMisses': 29, 'passHits': 319, 'passMisses': 131}, {'subBlock': 3, 'noiseHits': 58, 'noiseMisses': 32, 'passHits': 313, 'passMisses': 137}, {'subBlock': 4, 'noiseHits': 63, 'noiseMisses': 27, 'passHits': 312, 'passMisses': 138}, {'subBlock': 5, 'noiseHits': 70, 'noiseMisses': 20, 'passHits': 378, 'passMisses': 72}, {'subBlock': 6, 'noiseHits': 62, 'noiseMisses': 28, 'passHits': 376, 'passMisses': 74}, {'subBlock': 7, 'noiseHits': 63, 'noiseMisses': 27, 'passHits': 352, 'passMisses': 98}]","[{'subBlock': 1, 'noiseHits': 268, 'noiseMisses': 92, 'passHits': 133, 'passMisses': 47}]","[{'subBlock': 1, 'noiseHits': 227, 'noiseMisses': 133, 'passHits': 148, 'passMisses': 32}]"
BKvPzU9VM6XpE3HduKzR8EcQGbp2,VIS,"[{'subBlock': 1, 'noiseHits': 62, 'noiseMisses': 28, 'passHits': 324, 'passMisses': 126}, {'subBlock': 2, 'noiseHits': 59, 'noiseMisses': 31, 'passHits': 308, 'passMisses': 142}, {'subBlock': 3, 'noiseHits': 60, 'noiseMisses': 30, 'passHits': 332, 'passMisses': 118}, {'subBlock': 4, 'noiseHits': 84, 'noiseMisses': 6, 'passHits': 392, 'passMisses': 58}, {'subBlock': 5, 'noiseHits': 75, 'noiseMisses': 15, 'passHits': 407, 'passMisses': 43}, {'subBlock': 6, 'noiseHits': 73, 'noiseMisses': 17, 'passHits': 390, 'passMisses': 60}, {'subBlock': 7, 'noiseHits': 71, 'noiseMisses': 19, 'passHits': 374, 'passMisses': 76}]","[{'subBlock': 1, 'noiseHits': 280, 'noiseMisses': 80, 'passHits': 140, 'passMisses': 40}]","[{'subBlock': 1, 'noiseHits': 265, 'noiseMisses': 95, 'passHits': 143, 'passMisses': 37}]"
C4mXBUUZ07SSz87QCJAnvPw5ozr2,VIS,"[{'subBlock': 1, 'noiseHits': 74, 'noiseMisses': 16, 'passHits': 308, 'passMisses': 142}, {'subBlock': 2, 'noiseHits': 28, 'noiseMisses': 62, 'passHits': 162, 'passMisses': 288}, {'subBlock': 3, 'noiseHits': 57, 'noiseMisses': 33, 'passHits': 335, 'passMisses': 115}, {'subBlock': 4, 'noiseHits': 72, 'noiseMisses': 18, 'passHits': 304, 'passMisses': 146}, {'subBlock': 5, 'noiseHits': 85, 'noiseMisses': 5, 'passHits': 382, 'passMisses': 68}, {'subBlock': 6, 'noiseHits': 80, 'noiseMisses': 10, 'passHits': 417, 'passMisses': 33}, {'subBlock': 7, 'noiseHits': 79, 'noiseMisses': 11, 'passHits': 394, 'passMisses': 56}]","[{'subBlock': 1, 'noiseHits': 238, 'noiseMisses': 122, 'passHits': 129, 'passMisses': 51}]","[{'subBlock': 1, 'noiseHits': 233, 'noiseMisses': 127, 'passHits': 144, 'passMisses': 36}]"
CiahsBNpZwPhrFxcWeKCdflLPE03,VIS,"[{'subBlock': 1, 'noiseHits': 75, 'noiseMisses': 15, 'passHits': 324, 'passMisses': 126}, {'subBlock': 2, 'noiseHits': 46, 'noiseMisses': 44, 'passHits': 259, 'passMisses': 191}, {'subBlock': 3, 'noiseHits': 61, 'noiseMisses': 29, 'passHits': 335, 'passMisses': 115}, {'subBlock': 4, 'noiseHits': 71, 'noiseMisses': 19, 'passHits': 347, 'passMisses': 103}, {'subBlock': 5, 'noiseHits': 43, 'noiseMisses': 47, 'passHits': 232, 'passMisses': 218}, {'subBlock': 6, 'noiseHits': 53, 'noiseMisses': 37, 'passHits': 314, 'passMisses': 136}, {'subBlock': 7, 'noiseHits': 65, 'noiseMisses': 25, 'passHits': 370, 'passMisses': 80}]","[{'subBlock': 1, 'noiseHits': 244, 'noiseMisses': 116, 'passHits': 129, 'passMisses': 51}]","[{'subBlock': 1, 'noiseHits': 263, 'noiseMisses': 97, 'passHits': 122, 'passMisses': 58}]"
D3aLXuo6akfdFg5qXEDLH3N9jK53,AUD,"[{'subBlock': 1, 'noiseHits': 66, 'noiseMisses': 24, 'passHits': 312, 'passMisses': 138}, {'subBlock': 2, 'noiseHits': 82, 'noiseMisses': 8, 'passHits': 402, 'passMisses': 48}, {'subBlock': 3, 'noiseHits': 70, 'noiseMisses': 20, 'passHits': 324, 'passMisses': 126}, {'subBlock': 4, 'noiseHits': 65, 'noiseMisses': 25, 'passHits': 346, 'passMisses': 104}, {'subBlock': 5, 'noiseHits': 59, 'noiseMisses': 31, 'passHits': 354, 'passMisses': 96}, {'subBlock': 6, 'noiseHits': 70, 'noiseMisses': 20, 'passHits': 355, 'passMisses': 95}, {'subBlock': 7, 'noiseHits': 68, 'noiseMisses': 22, 'passHits': 379, 'passMisses': 71}]","[{'subBlock': 1, 'noiseHits': 322, 'noiseMisses': 38, 'passHits': 164, 'passMisses': 16}]","[{'subBlock': 1, 'noiseHits': 323, 'noiseMisses': 37, 'passHits': 164, 'passMisses': 16}]"
DPorR7FsABdlcuApXuWpp3RRv8v1,VIS,"[{'subBlock': 1, 'noiseHits': 54, 'noiseMisses': 36, 'passHits': 292, 'passMisses': 158}, {'subBlock': 2, 'noiseHits': 63, 'noiseMisses': 27, 'passHits': 348, 'passMisses': 102}, {'subBlock': 3, 'noiseHits': 53, 'noiseMisses': 37, 'passHits': 301, 'passMisses': 149}, {'subBlock': 4, 'noiseHits': 50, 'noiseMisses': 40, 'passHits': 359, 'passMisses': 91}, {'subBlock': 5, 'noiseHits': 61, 'noiseMisses': 29, 'passHits': 379, 'passMisses': 71}, {'subBlock': 6, 'noiseHits': 63, 'noiseMisses': 27, 'passHits': 378, 'passMisses': 72}, {'subBlock': 7, 'noiseHits': 63, 'noiseMisses': 27, 'passHits': 386, 'passMisses': 64}]","[{'subBlock': 1, 'noiseHits': 265, 'noiseMisses': 95, 'passHits': 141, 'passMisses': 39}]","[{'subBlock': 1, 'noiseHits': 246, 'noiseMisses': 114, 'passHits': 153, 'passMisses': 27}]"
EyEThG1lPUhyuKVBWIcEzoiQrkE3,CONTROL,"[{'subBlock': 1, 'noiseHits': 55, 'noiseMisses': 35, 'passHits': 303, 'passMisses': 147}, {'subBlock': 2, 'noiseHits': 70, 'noiseMisses': 20, 'passHits': 343, 'passMisses': 107}, {'subBlock': 3, 'noiseHits': 59, 'noiseMisses': 31, 'passHits': 322, 'passMisses': 128}, {'subBlock': 4, 'noiseHits': 70, 'noiseMisses': 20, 'passHits': 368, 'passMisses': 82}, {'subBlock': 5, 'noiseHits': 61, 'noiseMisses': 29, 'passHits': 314, 'passMisses': 136}, {'subBlock': 6, 'noiseHits': 72, 'noiseMisses': 18, 'passHits': 397, 'passMisses': 53}, {'subBlock': 7, 'noiseHits': 75, 'noiseMisses': 15, 'passHits': 358, 'passMisses': 92}]","[{'subBlock': 1, 'noiseHits': 263, 'noiseMisses': 97, 'passHits': 164, 'passMisses': 16}]","[{'subBlock': 1, 'noiseHits': 271, 'noiseMisses': 89, 'passHits': 135, 'passMisses': 45}]"
GI0RpOPUpUP1XxzpN73jCBXRm3l2,AUD,"[{'subBlock': 1, 'noiseHits': 64, 'noiseMisses': 26, 'passHits': 296, 'passMisses': 154}, {'subBlock': 2, 'noiseHits': 63, 'noiseMisses': 27, 'passHits': 327, 'passMisses': 123}, {'subBlock': 3, 'noiseHits': 43, 'noiseMisses': 47, 'passHits': 264, 'passMisses': 186}, {'subBlock': 4, 'noiseHits': 76, 'noiseMisses': 14, 'passHits': 400, 'passMisses': 50}, {'subBlock': 5, 'noiseHits': 56, 'noiseMisses': 34, 'passHits': 244, 'passMisses': 206}, {'subBlock': 6, 'noiseHits': 46, 'noiseMisses': 44, 'passHits': 239, 'passMisses': 211}, {'subBlock': 7, 'noiseHits': 80, 'noiseMisses': 10, 'passHits': 406, 'passMisses': 44}]","[{'subBlock': 1, 'noiseHits': 256, 'noiseMisses': 104, 'passHits': 113, 'passMisses': 67}]","[{'subBlock': 1, 'noiseHits': 259, 'noiseMisses': 101, 'passHits': 131, 'passMisses': 49}]"
HKIgqQFY7EUwV2v54elmrfuZ5wv2,VIS,"[{'subBlock': 1, 'noiseHits': 51, 'noiseMisses': 39, 'passHits': 258, 'passMisses': 192}, {'subBlock': 2, 'noiseHits': 67, 'noiseMisses': 23, 'passHits': 311, 'passMisses': 139}, {'subBlock': 3, 'noiseHits': 69, 'noiseMisses': 21, 'passHits': 334, 'passMisses': 116}, {'subBlock': 4, 'noiseHits': 45, 'noiseMisses': 45, 'passHits': 292, 'passMisses': 158}, {'subBlock': 5, 'noiseHits': 71, 'noiseMisses': 19, 'passHits': 310, 'passMisses': 140}, {'subBlock': 6, 'noiseHits': 69, 'noiseMisses': 21, 'passHits': 336, 'passMisses': 114}, {'subBlock': 7, 'noiseHits': 69, 'noiseMisses': 21, 'passHits': 266, 'passMisses': 184}]","[{'subBlock': 1, 'noiseHits': 252, 'noiseMisses': 108, 'passHits': 128, 'passMisses': 52}]","[{'subBlock': 1, 'noiseHits': 212, 'noiseMisses': 148, 'passHits': 93, 'passMisses': 87}]"
HMDhZY7tyZbVphN2Dh09U7XX4uA2,VIS,"[{'subBlock': 1, 'noiseHits': 61, 'noiseMisses': 29, 'passHits': 299, 'passMisses': 151}, {'subBlock': 2, 'noiseHits': 62, 'noiseMisses': 28, 'passHits': 325, 'passMisses': 125}, {'subBlock': 3, 'noiseHits': 66, 'noiseMisses': 24, 'passHits': 320, 'passMisses': 130}, {'subBlock': 4, 'noiseHits': 46, 'noiseMisses': 44, 'passHits': 264, 'passMisses': 186}, {'subBlock': 5, 'noiseHits': 59, 'noiseMisses': 31, 'passHits': 297, 'passMisses': 153}, {'subBlock': 6, 'noiseHits': 54, 'noiseMisses': 36, 'passHits': 291, 'passMisses': 159}, {'subBlock': 7, 'noiseHits': 57, 'noiseMisses': 33, 'passHits': 330, 'passMisses': 120}]","[{'subBlock': 1, 'noiseHits': 217, 'noiseMisses': 143, 'passHits': 131, 'passMisses': 49}]","[{'subBlock': 1, 'noiseHits': 263, 'noiseMisses': 97, 'passHits': 140, 'passMisses': 40}]"
I77II958hDd1r0pUgSZ4e8cDhVM2,AUD,"[{'subBlock': 1, 'noiseHits': 54, 'noiseMisses': 36, 'passHits': 283, 'passMisses': 167}, {'subBlock': 2, 'noiseHits': 70, 'noiseMisses': 20, 'passHits': 357, 'passMisses': 93}, {'subBlock': 3, 'noiseHits': 60, 'noiseMisses': 30, 'passHits': 308, 'passMisses': 142}, {'subBlock': 4, 'noiseHits': 54, 'noiseMisses': 36, 'passHits': 315, 'passMisses': 135}, {'subBlock': 5, 'noiseHits': 56, 'noiseMisses': 34, 'passHits': 338, 'passMisses': 112}, {'subBlock': 6, 'noiseHits': 68, 'noiseMisses': 22, 'passHits': 326, 'passMisses': 124}, {'subBlock': 7, 'noiseHits': 51, 'noiseMisses': 39, 'passHits': 344, 'passMisses': 106}]","[{'subBlock': 1, 'noiseHits': 247, 'noiseMisses': 113, 'passHits': 136, 'passMisses': 44}]","[{'subBlock': 1, 'noiseHits': 270, 'noiseMisses': 90, 'passHits': 147, 'passMisses': 33}]"
ICJVmI2GkZbV35cVp9N4TnQmk7z2,AUD,"[{'subBlock': 1, 'noiseHits': 53, 'noiseMisses': 37, 'passHits': 310, 'passMisses': 140}, {'subBlock': 2, 'noiseHits': 57, 'noiseMisses': 33, 'passHits': 296, 'passMisses': 154}, {'subBlock': 3, 'noiseHits': 70, 'noiseMisses': 20, 'passHits': 416, 'passMisses': 34}, {'subBlock': 4, 'noiseHits': 63, 'noiseMisses': 27, 'passHits': 363, 'passMisses': 87}, {'subBlock': 5, 'noiseHits': 67, 'noiseMisses': 23, 'passHits': 361, 'passMisses': 89}, {'subBlock': 6, 'noiseHits': 75, 'noiseMisses': 15, 'passHits': 396, 'passMisses': 54}, {'subBlock': 7, 'noiseHits': 78, 'noiseMisses': 12, 'passHits': 411, 'passMisses': 39}]","[{'subBlock': 1, 'noiseHits': 276, 'noiseMisses': 84, 'passHits': 125, 'passMisses': 55}]","[{'subBlock': 1, 'noiseHits': 283, 'noiseMisses': 77, 'passHits': 152, 'passMisses': 28}]"
IJDWxqOUkcWDRcM3nB6gSwsaU2d2,AUD,"[{'subBlock': 1, 'noiseHits': 71, 'noiseMisses': 19, 'passHits': 364, 'passMisses': 86}, {'subBlock': 2, 'noiseHits': 53, 'noiseMisses': 37, 'passHits': 300, 'passMisses': 150}, {'subBlock': 3, 'noiseHits': 64, 'noiseMisses': 26, 'passHits': 345, 'passMisses': 105}, {'subBlock': 4, 'noiseHits': 63, 'noiseMisses': 27, 'passHits': 335, 'passMisses': 115}, {'subBlock': 5, 'noiseHits': 60, 'noiseMisses': 30, 'passHits': 349, 'passMisses': 101}, {'subBlock': 6, 'noiseHits': 62, 'noiseMisses': 28, 'passHits': 404, 'passMisses': 46}, {'subBlock': 7, 'noiseHits': 51, 'noiseMisses': 39, 'passHits': 398, 'passMisses': 52}]","[{'subBlock': 1, 'noiseHits': 307, 'noiseMisses': 53, 'passHits': 156, 'passMisses': 24}]","[{'subBlock': 1, 'noiseHits': 301, 'noiseMisses': 59, 'passHits': 166, 'passMisses': 14}]"
KLlRpasd0eT5wBc1M2WaqVjrh922,VIS,"[{'subBlock': 1, 'noiseHits': 48, 'noiseMisses': 42, 'passHits': 301, 'passMisses': 149}, {'subBlock': 2, 'noiseHits': 75, 'noiseMisses': 15, 'passHits': 348, 'passMisses': 102}, {'subBlock': 3, 'noiseHits': 60, 'noiseMisses': 30, 'passHits': 295, 'passMisses': 155}, {'subBlock': 4, 'noiseHits': 53, 'noiseMisses': 37, 'passHits': 280, 'passMisses': 170}, {'subBlock': 5, 'noiseHits': 59, 'noiseMisses': 31, 'passHits': 266, 'passMisses': 184}, {'subBlock': 6, 'noiseHits': 74, 'noiseMisses': 16, 'passHits': 335, 'passMisses': 115}, {'subBlock': 7, 'noiseHits': 68, 'noiseMisses': 22, 'passHits': 366, 'passMisses': 84}]","[{'subBlock': 1, 'noiseHits': 245, 'noiseMisses': 115, 'passHits': 130, 'passMisses': 50}]","[{'subBlock': 1, 'noiseHits': 255, 'noiseMisses': 105, 'passHits': 137, 'passMisses': 43}]"
KZgB5M2zrkTXYxfeJqUBz1xvq9o2,CONTROL,"[{'subBlock': 1, 'noiseHits': 59, 'noiseMisses': 31, 'passHits': 307, 'passMisses': 143}, {'subBlock': 2, 'noiseHits': 52, 'noiseMisses': 38, 'passHits': 296, 'passMisses': 154}, {'subBlock': 3, 'noiseHits': 61, 'noiseMisses': 29, 'passHits': 326, 'passMisses': 124}, {'subBlock': 4, 'noiseHits': 72, 'noiseMisses': 18, 'passHits': 345, 'passMisses': 105}, {'subBlock': 5, 'noiseHits': 61, 'noiseMisses': 29, 'passHits': 292, 'passMisses': 158}, {'subBlock': 6, 'noiseHits': 60, 'noiseMisses': 30, 'passHits': 272, 'passMisses': 178}, {'subBlock': 7, 'noiseHits': 63, 'noiseMisses': 27, 'passHits': 310, 'passMisses': 140}]","[{'subBlock': 1, 'noiseHits': 262, 'noiseMisses': 98, 'passHits': 137, 'passMisses': 43}]","[{'subBlock': 1, 'noiseHits': 254, 'noiseMisses': 106, 'passHits': 140, 'passMisses': 40}]"
KhD6O89IVWSeZW7ugUkcA8p1boX2,CONTROL,"[{'subBlock': 1, 'noiseHits': 60, 'noiseMisses': 30, 'passHits': 283, 'passMisses': 167}, {'subBlock': 2, 'noiseHits': 74, 'noiseMisses': 16, 'passHits': 357, 'passMisses': 93}, {'subBlock': 3, 'noiseHits': 68, 'noiseMisses': 22, 'passHits': 320, 'passMisses': 130}, {'subBlock': 4, 'noiseHits': 50, 'noiseMisses': 40, 'passHits': 242, 'passMisses': 208}, {'subBlock': 5, 'noiseHits': 56, 'noiseMisses': 34, 'passHits': 285, 'passMisses': 165}, {'subBlock': 6, 'noiseHits': 55, 'noiseMisses': 35, 'passHits': 351, 'passMisses': 99}, {'subBlock': 7, 'noiseHits': 68, 'noiseMisses': 22, 'passHits': 380, 'passMisses': 70}]","[{'subBlock': 1, 'noiseHits': 261, 'noiseMisses': 99, 'passHits': 136, 'passMisses': 44}]","[{'subBlock': 1, 'noiseHits': 291, 'noiseMisses': 69, 'passHits': 156, 'passMisses': 24}]"
MHDqmM8r4qS7Agqlz71tyjqCBCW2,CONTROL,"[{'subBlock': 1, 'noiseHits': 78, 'noiseMisses': 12, 'passHits': 313, 'passMisses': 137}, {'subBlock': 2, 'noiseHits': 46, 'noiseMisses': 44, 'passHits': 253, 'passMisses': 197}, {'subBlock': 3, 'noiseHits': 66, 'noiseMisses': 24, 'passHits': 337, 'passMisses': 113}, {'subBlock': 4, 'noiseHits': 47, 'noiseMisses': 43, 'passHits': 273, 'passMisses': 177}, {'subBlock': 5, 'noiseHits': 60, 'noiseMisses': 30, 'passHits': 301, 'passMisses': 149}, {'subBlock': 6, 'noiseHits': 55, 'noiseMisses': 35, 'passHits': 254, 'passMisses': 196}, {'subBlock': 7, 'noiseHits': 78, 'noiseMisses': 12, 'passHits': 422, 'passMisses': 28}]","[{'subBlock': 1, 'noiseHits': 263, 'noiseMisses': 97, 'passHits': 135, 'passMisses': 45}]","[{'subBlock': 1, 'noiseHits': 254, 'noiseMisses': 106, 'passHits': 136, 'passMisses': 44}]"
MnBe56UL0BaSZdh1KWb0kqMb12x2,CONTROL,"[{'subBlock': 1, 'noiseHits': 57, 'noiseMisses': 33, 'passHits': 322, 'passMisses': 128}, {'subBlock': 2, 'noiseHits': 56, 'noiseMisses': 34, 'passHits': 299, 'passMisses': 151}, {'subBlock': 3, 'noiseHits': 63, 'noiseMisses': 27, 'passHits': 353, 'passMisses': 97}, {'subBlock': 4, 'noiseHits': 46, 'noiseMisses': 44, 'passHits': 339, 'passMisses': 111}, {'subBlock': 5, 'noiseHits': 54, 'noiseMisses': 36, 'passHits': 340, 'passMisses': 110}, {'subBlock': 6, 'noiseHits': 55, 'noiseMisses': 35, 'passHits': 306, 'passMisses': 144}, {'subBlock': 7, 'noiseHits': 53, 'noiseMisses': 37, 'passHits': 330, 'passMisses': 120}]","[{'subBlock': 1, 'noiseHits': 241, 'noiseMisses': 119, 'passHits': 127, 'passMisses': 53}]","[{'subBlock': 1, 'noiseHits': 214, 'noiseMisses': 146, 'passHits': 152, 'passMisses': 28}]"
NpWXMp5quHNtEyLDd4DolJsl0302,CONTROL,"[{'subBlock': 1, 'noiseHits': 78, 'noiseMisses': 12, 'passHits': 391, 'passMisses': 59}, {'subBlock': 2, 'noiseHits': 80, 'noiseMisses': 10, 'passHits': 417, 'passMisses': 33}, {'subBlock': 3, 'noiseHits': 88, 'noiseMisses': 2, 'passHits': 422, 'passMisses': 28}, {'subBlock': 4, 'noiseHits': 86, 'noiseMisses': 4, 'passHits': 414, 'passMisses': 36}, {'subBlock': 5, 'noiseHits': 88, 'noiseMisses': 2, 'passHits': 433, 'passMisses': 17}, {'subBlock': 6, 'noiseHits': 87, 'noiseMisses': 3, 'passHits': 434, 'passMisses': 16}, {'subBlock': 7, 'noiseHits': 86, 'noiseMisses': 4, 'passHits': 427, 'passMisses': 23}]","[{'subBlock': 1, 'noiseHits': 347, 'noiseMisses': 13, 'passHits': 172, 'passMisses': 8}]","[{'subBlock': 1, 'noiseHits': 274, 'noiseMisses': 86, 'passHits': 137, 'passMisses': 43}]"
OIoZPx1KVkbsf0xzBJjOOkEiYPA3,AUD,"[{'subBlock': 1, 'noiseHits': 85, 'noiseMisses': 5, 'passHits': 348, 'passMisses': 102}, {'subBlock': 2, 'noiseHits': 62, 'noiseMisses': 28, 'passHits': 254, 'passMisses': 196}, {'subBlock': 3, 'noiseHits': 68, 'noiseMisses': 22, 'passHits': 389, 'passMisses': 61}, {'subBlock': 4, 'noiseHits': 67, 'noiseMisses': 23, 'passHits': 398, 'passMisses': 52}, {'subBlock': 5, 'noiseHits': 77, 'noiseMisses': 13, 'passHits': 403, 'passMisses': 47}, {'subBlock': 6, 'noiseHits': 60, 'noiseMisses': 30, 'passHits': 289, 'passMisses': 161}, {'subBlock': 7, 'noiseHits': 56, 'noiseMisses': 34, 'passHits': 249, 'passMisses': 201}]","[{'subBlock': 1, 'noiseHits': 271, 'noiseMisses': 89, 'passHits': 144, 'passMisses': 36}]","[{'subBlock': 1, 'noiseHits': 306, 'noiseMisses': 54, 'passHits': 145, 'passMisses': 35}]"
PAMf3ppYnjUWXGQAKGd5KWKvioF2,AUD,"[{'subBlock': 1, 'noiseHits': 64, 'noiseMisses': 26, 'passHits': 290, 'passMisses': 160}, {'subBlock': 2, 'noiseHits': 61, 'noiseMisses': 29, 'passHits': 305, 'passMisses': 145}, {'subBlock': 3, 'noiseHits': 63, 'noiseMisses': 27, 'passHits': 347, 'passMisses': 103}, {'subBlock': 4, 'noiseHits': 54, 'noiseMisses': 36, 'passHits': 306, 'passMisses': 144}, {'subBlock': 5, 'noiseHits': 67, 'noiseMisses': 23, 'passHits': 292, 'passMisses': 158}, {'subBlock': 6, 'noiseHits': 57, 'noiseMisses': 33, 'passHits': 306, 'passMisses': 144}, {'subBlock': 7, 'noiseHits': 66, 'noiseMisses': 24, 'passHits': 349, 'passMisses': 101}]","[{'subBlock': 1, 'noiseHits': 242, 'noiseMisses': 118, 'passHits': 140, 'passMisses': 40}]","[{'subBlock': 1, 'noiseHits': 228, 'noiseMisses': 132, 'passHits': 140, 'passMisses': 40}]"
PqZ1DaSPMTdpeA6SOoTtY56XXwB3,AUD,"[{'subBlock': 1, 'noiseHits': 45, 'noiseMisses': 45, 'passHits': 315, 'passMisses': 135}, {'subBlock': 2, 'noiseHits': 50, 'noiseMisses': 40, 'passHits': 339, 'passMisses': 111}, {'subBlock': 3, 'noiseHits': 51, 'noiseMisses': 39, 'passHits': 363, 'passMisses': 87}, {'subBlock': 4, 'noiseHits': 58, 'noiseMisses': 32, 'passHits': 358, 'passMisses': 92}, {'subBlock': 5, 'noiseHits': 58, 'noiseMisses': 32, 'passHits': 332, 'passMisses': 118}, {'subBlock': 6, 'noiseHits': 52, 'noiseMisses': 38, 'passHits': 294, 'passMisses': 156}, {'subBlock': 7, 'noiseHits': 59, 'noiseMisses': 31, 'passHits': 312, 'passMisses': 138}]","[{'subBlock': 1, 'noiseHits': 211, 'noiseMisses': 149, 'passHits': 155, 'passMisses': 25}]","[{'subBlock': 1, 'noiseHits': 253, 'noiseMisses': 107, 'passHits': 159, 'passMisses': 21}]"
Q80vvdLGmGOY6l7Qk8U2hJGElrS2,CONTROL,"[{'subBlock': 1, 'noiseHits': 42, 'noiseMisses': 48, 'passHits': 319, 'passMisses': 131}, {'subBlock': 2, 'noiseHits': 62, 'noiseMisses': 28, 'passHits': 350, 'passMisses': 100}, {'subBlock': 3, 'noiseHits': 57, 'noiseMisses': 33, 'passHits': 351, 'passMisses': 99}, {'subBlock': 4, 'noiseHits': 59, 'noiseMisses': 31, 'passHits': 361, 'passMisses': 89}, {'subBlock': 5, 'noiseHits': 75, 'noiseMisses': 15, 'passHits': 380, 'passMisses': 70}, {'subBlock': 6, 'noiseHits': 69, 'noiseMisses': 21, 'passHits': 383, 'passMisses': 67}, {'subBlock': 7, 'noiseHits': 57, 'noiseMisses': 33, 'passHits': 345, 'passMisses': 105}]","[{'subBlock': 1, 'noiseHits': 248, 'noiseMisses': 112, 'passHits': 146, 'passMisses': 34}]","[{'subBlock': 1, 'noiseHits': 257, 'noiseMisses': 103, 'passHits': 130, 'passMisses': 50}]"
QEy5xJ20b9Rqsu14YmYNCaCtYNr1,AUD,"[{'subBlock': 1, 'noiseHits': 59, 'noiseMisses': 31, 'passHits': 327, 'passMisses': 123}, {'subBlock': 2, 'noiseHits': 68, 'noiseMisses': 22, 'passHits': 351, 'passMisses': 99}, {'subBlock': 3, 'noiseHits': 75, 'noiseMisses': 15, 'passHits': 389, 'passMisses': 61}, {'subBlock': 4, 'noiseHits': 70, 'noiseMisses': 20, 'passHits': 389, 'passMisses': 61}, {'subBlock': 5, 'noiseHits': 42, 'noiseMisses': 48, 'passHits': 277, 'passMisses': 173}, {'subBlock': 6, 'noiseHits': 43, 'noiseMisses': 47, 'passHits': 281, 'passMisses': 169}, {'subBlock': 7, 'noiseHits': 60, 'noiseMisses': 30, 'passHits': 293, 'passMisses': 157}]","[{'subBlock': 1, 'noiseHits': 289, 'noiseMisses': 71, 'passHits': 144, 'passMisses': 36}]","[{'subBlock': 1, 'noiseHits': 291, 'noiseMisses': 69, 'passHits': 157, 'passMisses': 23}]"
SQsZiNXrjlf98NIqOMTLhiavkpz2,CONTROL,"[{'subBlock': 1, 'noiseHits': 68, 'noiseMisses': 22, 'passHits': 341, 'passMisses': 109}, {'subBlock': 2, 'noiseHits': 78, 'noiseMisses': 12, 'passHits': 367, 'passMisses': 83}, {'subBlock': 3, 'noiseHits': 69, 'noiseMisses': 21, 'passHits': 355, 'passMisses': 95}, {'subBlock': 4, 'noiseHits': 55, 'noiseMisses': 35, 'passHits': 308, 'passMisses': 142}, {'subBlock': 5, 'noiseHits': 46, 'noiseMisses': 44, 'passHits': 231, 'passMisses': 219}, {'subBlock': 6, 'noiseHits': 51, 'noiseMisses': 39, 'passHits': 313, 'passMisses': 137}, {'subBlock': 7, 'noiseHits': 72, 'noiseMisses': 18, 'passHits': 361, 'passMisses': 89}]","[{'subBlock': 1, 'noiseHits': 277, 'noiseMisses': 83, 'passHits': 143, 'passMisses': 37}]","[{'subBlock': 1, 'noiseHits': 284, 'noiseMisses': 76, 'passHits': 136, 'passMisses': 44}]"
SrUOQNIrryekszYZvZVyjNJuMXo2,VIS,"[{'subBlock': 1, 'noiseHits': 69, 'noiseMisses': 21, 'passHits': 330, 'passMisses': 120}, {'subBlock': 2, 'noiseHits': 60, 'noiseMisses': 30, 'passHits': 386, 'passMisses': 64}, {'subBlock': 3, 'noiseHits': 69, 'noiseMisses': 21, 'passHits': 369, 'passMisses': 81}, {'subBlock': 4, 'noiseHits': 56, 'noiseMisses': 34, 'passHits': 324, 'passMisses': 126}, {'subBlock': 5, 'noiseHits': 69, 'noiseMisses': 21, 'passHits': 381, 'passMisses': 69}, {'subBlock': 6, 'noiseHits': 76, 'noiseMisses': 14, 'passHits': 389, 'passMisses': 61}, {'subBlock': 7, 'noiseHits': 64, 'noiseMisses': 26, 'passHits': 388, 'passMisses': 62}]","[{'subBlock': 1, 'noiseHits': 286, 'noiseMisses': 74, 'passHits': 157, 'passMisses': 23}]","[{'subBlock': 1, 'noiseHits': 285, 'noiseMisses': 75, 'passHits': 137, 'passMisses': 43}]"
UADPDKMLzZMqPPv3su2SY5cXaGb2,VIS,"[{'subBlock': 1, 'noiseHits': 68, 'noiseMisses': 22, 'passHits': 324, 'passMisses': 126}, {'subBlock': 2, 'noiseHits': 69, 'noiseMisses': 21, 'passHits': 325, 'passMisses': 125}, {'subBlock': 3, 'noiseHits': 56, 'noiseMisses': 34, 'passHits': 339, 'passMisses': 111}, {'subBlock': 4, 'noiseHits': 67, 'noiseMisses': 23, 'passHits': 352, 'passMisses': 98}, {'subBlock': 5, 'noiseHits': 64, 'noiseMisses': 26, 'passHits': 317, 'passMisses': 133}, {'subBlock': 6, 'noiseHits': 74, 'noiseMisses': 16, 'passHits': 325, 'passMisses': 125}, {'subBlock': 7, 'noiseHits': 73, 'noiseMisses': 17, 'passHits': 339, 'passMisses': 111}]","[{'subBlock': 1, 'noiseHits': 263, 'noiseMisses': 97, 'passHits': 124, 'passMisses': 56}]","[{'subBlock': 1, 'noiseHits': 278, 'noiseMisses': 82, 'passHits': 124, 'passMisses': 56}]"
Uu6Vf7UWxiVtD6WCcPOb3zogai63,CONTROL,"[{'subBlock': 1, 'noiseHits': 55, 'noiseMisses': 35, 'passHits': 318, 'passMisses': 132}, {'subBlock': 2, 'noiseHits': 64, 'noiseMisses': 26, 'passHits': 325, 'passMisses': 125}, {'subBlock': 3, 'noiseHits': 35, 'noiseMisses': 55, 'passHits': 254, 'passMisses': 196}, {'subBlock': 4, 'noiseHits': 73, 'noiseMisses': 17, 'passHits': 402, 'passMisses': 48}, {'subBlock': 5, 'noiseHits': 60, 'noiseMisses': 30, 'passHits': 284, 'passMisses': 166}, {'subBlock': 6, 'noiseHits': 39, 'noiseMisses': 51, 'passHits': 213, 'passMisses': 237}, {'subBlock': 7, 'noiseHits': 63, 'noiseMisses': 27, 'passHits': 383, 'passMisses': 67}]","[{'subBlock': 1, 'noiseHits': 236, 'noiseMisses': 124, 'passHits': 134, 'passMisses': 46}]","[{'subBlock': 1, 'noiseHits': 262, 'noiseMisses': 98, 'passHits': 98, 'passMisses': 82}]"
Vny1AFGAiwRw5v3IvXEN3piGfm52,CONTROL,"[{'subBlock': 1, 'noiseHits': 59, 'noiseMisses': 31, 'passHits': 367, 'passMisses': 83}, {'subBlock': 2, 'noiseHits': 52, 'noiseMisses': 38, 'passHits': 304, 'passMisses': 146}, {'subBlock': 3, 'noiseHits': 76, 'noiseMisses': 14, 'passHits': 358, 'passMisses': 92}, {'subBlock': 4, 'noiseHits': 72, 'noiseMisses': 18, 'passHits': 395, 'passMisses': 55}, {'subBlock': 5, 'noiseHits': 62, 'noiseMisses': 28, 'passHits': 392, 'passMisses': 58}, {'subBlock': 6, 'noiseHits': 62, 'noiseMisses': 28, 'passHits': 336, 'passMisses': 114}, {'subBlock': 7, 'noiseHits': 67, 'noiseMisses': 23, 'passHits': 388, 'passMisses': 62}]","[{'subBlock': 1, 'noiseHits': 240, 'noiseMisses': 120, 'passHits': 117, 'passMisses': 63}]","[{'subBlock': 1, 'noiseHits': 244, 'noiseMisses': 116, 'passHits': 150, 'passMisses': 30}]"
WBAE4nvngthIgUsEMrnahcboIut1,CONTROL,"[{'subBlock': 1, 'noiseHits': 53, 'noiseMisses': 37, 'passHits': 327, 'passMisses': 123}, {'subBlock': 2, 'noiseHits': 63, 'noiseMisses': 27, 'passHits': 358, 'passMisses': 92}, {'subBlock': 3, 'noiseHits': 69, 'noiseMisses': 21, 'passHits': 381, 'passMisses': 69}, {'subBlock': 4, 'noiseHits': 77, 'noiseMisses': 13, 'passHits': 403, 'passMisses': 47}, {'subBlock': 5, 'noiseHits': 52, 'noiseMisses': 38, 'passHits': 363, 'passMisses': 87}, {'subBlock': 6, 'noiseHits': 46, 'noiseMisses': 44, 'passHits': 364, 'passMisses': 86}, {'subBlock': 7, 'noiseHits': 44, 'noiseMisses': 46, 'passHits': 357, 'passMisses': 93}]","[{'subBlock': 1, 'noiseHits': 241, 'noiseMisses': 119, 'passHits': 162, 'passMisses': 18}]","[{'subBlock': 1, 'noiseHits': 257, 'noiseMisses': 103, 'passHits': 155, 'passMisses': 25}]"
Y1XKEOitBZUHGmRJYRKSVTF9Jmc2,CONTROL,"[{'subBlock': 1, 'noiseHits': 51, 'noiseMisses': 39, 'passHits': 312, 'passMisses': 138}, {'subBlock': 2, 'noiseHits': 57, 'noiseMisses': 33, 'passHits': 322, 'passMisses': 128}, {'subBlock': 3, 'noiseHits': 69, 'noiseMisses': 21, 'passHits': 358, 'passMisses': 92}, {'subBlock': 4, 'noiseHits': 35, 'noiseMisses': 55, 'passHits': 210, 'passMisses': 240}, {'subBlock': 5, 'noiseHits': 57, 'noiseMisses': 33, 'passHits': 365, 'passMisses': 85}, {'subBlock': 6, 'noiseHits': 71, 'noiseMisses': 19, 'passHits': 368, 'passMisses': 82}, {'subBlock': 7, 'noiseHits': 46, 'noiseMisses': 44, 'passHits': 237, 'passMisses': 213}]","[{'subBlock': 1, 'noiseHits': 241, 'noiseMisses': 119, 'passHits': 129, 'passMisses': 51}]","[{'subBlock': 1, 'noiseHits': 239, 'noiseMisses': 121, 'passHits': 125, 'passMisses': 55}]"
ZiViKsx78IVylsd1ejQzrKcJn1y1,AUD,"[{'subBlock': 1, 'noiseHits': 56, 'noiseMisses': 34, 'passHits': 257, 'passMisses': 193}, {'subBlock': 2, 'noiseHits': 86, 'noiseMisses': 4, 'passHits': 411, 'passMisses': 39}, {'subBlock': 3, 'noiseHits': 44, 'noiseMisses': 46, 'passHits': 280, 'passMisses': 170}, {'subBlock': 4, 'noiseHits': 65, 'noiseMisses': 25, 'passHits': 339, 'passMisses': 111}, {'subBlock': 5, 'noiseHits': 59, 'noiseMisses': 31, 'passHits': 332, 'passMisses': 118}, {'subBlock': 6, 'noiseHits': 65, 'noiseMisses': 25, 'passHits': 354, 'passMisses': 96}, {'subBlock': 7, 'noiseHits': 67, 'noiseMisses': 23, 'passHits': 349, 'passMisses': 101}]","[{'subBlock': 1, 'noiseHits': 276, 'noiseMisses': 84, 'passHits': 145, 'passMisses': 35}]","[{'subBlock': 1, 'noiseHits': 275, 'noiseMisses': 85, 'passHits': 148, 'passMisses': 32}]"
aU3FJ40pUsTWUhBjXxf6KdUHwrh2,VIS,"[{'subBlock': 1, 'noiseHits': 67, 'noiseMisses': 23, 'passHits': 328, 'passMisses': 122}, {'subBlock': 2, 'noiseHits': 49, 'noiseMisses': 41, 'passHits': 290, 'passMisses': 160}, {'subBlock': 3, 'noiseHits': 55, 'noiseMisses': 35, 'passHits': 260, 'passMisses': 190}, {'subBlock': 4, 'noiseHits': 79, 'noiseMisses': 11, 'passHits': 406, 'passMisses': 44}, {'subBlock': 5, 'noiseHits': 66, 'noiseMisses': 24, 'passHits': 350, 'passMisses': 100}, {'subBlock': 6, 'noiseHits': 66, 'noiseMisses': 24, 'passHits': 339, 'passMisses': 111}, {'subBlock': 7, 'noiseHits': 64, 'noiseMisses': 26, 'passHits': 364, 'passMisses': 86}]","[{'subBlock': 1, 'noiseHits': 256, 'noiseMisses': 104, 'passHits': 150, 'passMisses': 30}]","[{'subBlock': 1, 'noiseHits': 270, 'noiseMisses': 90, 'passHits': 152, 'passMisses': 28}]"
at6V4Ka2DAUFuUsbYKwpSGBHDQh1,CONTROL,"[{'subBlock': 1, 'noiseHits': 65, 'noiseMisses': 25, 'passHits': 308, 'passMisses': 142}, {'subBlock': 2, 'noiseHits': 68, 'noiseMisses': 22, 'passHits': 301, 'passMisses': 149}, {'subBlock': 3, 'noiseHits': 73, 'noiseMisses': 17, 'passHits': 358, 'passMisses': 92}, {'subBlock': 4, 'noiseHits': 72, 'noiseMisses': 18, 'passHits': 385, 'passMisses': 65}, {'subBlock': 5, 'noiseHits': 73, 'noiseMisses': 17, 'passHits': 388, 'passMisses': 62}, {'subBlock': 6, 'noiseHits': 80, 'noiseMisses': 10, 'passHits': 412, 'passMisses': 38}, {'subBlock': 7, 'noiseHits': 68, 'noiseMisses': 22, 'passHits': 366, 'passMisses': 84}]","[{'subBlock': 1, 'noiseHits': 282, 'noiseMisses': 78, 'passHits': 127, 'passMisses': 53}]","[{'subBlock': 1, 'noiseHits': 313, 'noiseMisses': 47, 'passHits': 170, 'passMisses': 10}]"
cd0xcXa9usa2i8a3KfUWfBiV1gm2,CONTROL,"[{'subBlock': 1, 'noiseHits': 63, 'noiseMisses': 27, 'passHits': 342, 'passMisses': 108}, {'subBlock': 2, 'noiseHits': 50, 'noiseMisses': 40, 'passHits': 317, 'passMisses': 133}, {'subBlock': 3, 'noiseHits': 50, 'noiseMisses': 40, 'passHits': 325, 'passMisses': 125}, {'subBlock': 4, 'noiseHits': 52, 'noiseMisses': 38, 'passHits': 370, 'passMisses': 80}, {'subBlock': 5, 'noiseHits': 54, 'noiseMisses': 36, 'passHits': 365, 'passMisses': 85}, {'subBlock': 6, 'noiseHits': 55, 'noiseMisses': 35, 'passHits': 400, 'passMisses': 50}, {'subBlock': 7, 'noiseHits': 58, 'noiseMisses': 32, 'passHits': 392, 'passMisses': 58}]","[{'subBlock': 1, 'noiseHits': 291, 'noiseMisses': 69, 'passHits': 163, 'passMisses': 17}]","[{'subBlock': 1, 'noiseHits': 310, 'noiseMisses': 50, 'passHits': 167, 'passMisses': 13}]"
hwUgRmt5UIZAQEWpvjqB2BBhABY2,VIS,"[{'subBlock': 1, 'noiseHits': 67, 'noiseMisses': 23, 'passHits': 306, 'passMisses': 144}, {'subBlock': 2, 'noiseHits': 63, 'noiseMisses': 27, 'passHits': 291, 'passMisses': 159}, {'subBlock': 3, 'noiseHits': 70, 'noiseMisses': 20, 'passHits': 358, 'passMisses': 92}, {'subBlock': 4, 'noiseHits': 82, 'noiseMisses': 8, 'passHits': 363, 'passMisses': 87}, {'subBlock': 5, 'noiseHits': 74, 'noiseMisses': 16, 'passHits': 372, 'passMisses': 78}, {'subBlock': 6, 'noiseHits': 81, 'noiseMisses': 9, 'passHits': 408, 'passMisses': 42}, {'subBlock': 7, 'noiseHits': 66, 'noiseMisses': 24, 'passHits': 396, 'passMisses': 54}]","[{'subBlock': 1, 'noiseHits': 236, 'noiseMisses': 124, 'passHits': 140, 'passMisses': 40}]","[{'subBlock': 1, 'noiseHits': 258, 'noiseMisses': 102, 'passHits': 137, 'passMisses': 43}]"
jyU3PFyeedgAMqq5vHDHOVluXVe2,VIS,"[{'subBlock': 1, 'noiseHits': 67, 'noiseMisses': 23, 'passHits': 296, 'passMisses': 154}, {'subBlock': 2, 'noiseHits': 58, 'noiseMisses': 32, 'passHits': 297, 'passMisses': 153}, {'subBlock': 3, 'noiseHits': 60, 'noiseMisses': 30, 'passHits': 321, 'passMisses': 129}, {'subBlock': 4, 'noiseHits': 66, 'noiseMisses': 24, 'passHits': 358, 'passMisses': 92}, {'subBlock': 5, 'noiseHits': 67, 'noiseMisses': 23, 'passHits': 383, 'passMisses': 67}, {'subBlock': 6, 'noiseHits': 74, 'noiseMisses': 16, 'passHits': 351, 'passMisses': 99}, {'subBlock': 7, 'noiseHits': 71, 'noiseMisses': 19, 'passHits': 367, 'passMisses': 83}]","[{'subBlock': 1, 'noiseHits': 261, 'noiseMisses': 99, 'passHits': 138, 'passMisses': 42}]","[{'subBlock': 1, 'noiseHits': 287, 'noiseMisses': 73, 'passHits': 137, 'passMisses': 43}]"
kO88EXO3ijaatm4ZBXgz4jZq4Ux1,AUD,"[{'subBlock': 1, 'noiseHits': 73, 'noiseMisses': 17, 'passHits': 353, 'passMisses': 97}, {'subBlock': 2, 'noiseHits': 70, 'noiseMisses': 20, 'passHits': 354, 'passMisses': 96}, {'subBlock': 3, 'noiseHits': 83, 'noiseMisses': 7, 'passHits': 396, 'passMisses': 54}, {'subBlock': 4, 'noiseHits': 72, 'noiseMisses': 18, 'passHits': 379, 'passMisses': 71}, {'subBlock': 5, 'noiseHits': 75, 'noiseMisses': 15, 'passHits': 393, 'passMisses': 57}, {'subBlock': 6, 'noiseHits': 78, 'noiseMisses': 12, 'passHits': 405, 'passMisses': 45}, {'subBlock': 7, 'noiseHits': 79, 'noiseMisses': 11, 'passHits': 414, 'passMisses': 36}]","[{'subBlock': 1, 'noiseHits': 319, 'noiseMisses': 41, 'passHits': 164, 'passMisses': 16}]","[{'subBlock': 1, 'noiseHits': 325, 'noiseMisses': 35, 'passHits': 166, 'passMisses': 14}]"
kbpzItmlaJhh0qMF8q5IKxlE3un1,VIS,"[{'subBlock': 1, 'noiseHits': 66, 'noiseMisses': 24, 'passHits': 303, 'passMisses': 147}, {'subBlock': 2, 'noiseHits': 53, 'noiseMisses': 37, 'passHits': 281, 'passMisses': 169}, {'subBlock': 3, 'noiseHits': 74, 'noiseMisses': 16, 'passHits': 384, 'passMisses': 66}, {'subBlock': 4, 'noiseHits': 62, 'noiseMisses': 28, 'passHits': 303, 'passMisses': 147}, {'subBlock': 5, 'noiseHits': 33, 'noiseMisses': 57, 'passHits': 214, 'passMisses': 236}, {'subBlock': 6, 'noiseHits': 66, 'noiseMisses': 24, 'passHits': 357, 'passMisses': 93}, {'subBlock': 7, 'noiseHits': 74, 'noiseMisses': 16, 'passHits': 363, 'passMisses': 87}]","[{'subBlock': 1, 'noiseHits': 240, 'noiseMisses': 120, 'passHits': 134, 'passMisses': 46}]","[{'subBlock': 1, 'noiseHits': 294, 'noiseMisses': 66, 'passHits': 152, 'passMisses': 28}]"
kqcOtuWUO2e7IdpcgL2q4zvsYWI3,VIS,"[{'subBlock': 1, 'noiseHits': 65, 'noiseMisses': 25, 'passHits': 327, 'passMisses': 123}, {'subBlock': 2, 'noiseHits': 48, 'noiseMisses': 42, 'passHits': 275, 'passMisses': 175}, {'subBlock': 3, 'noiseHits': 58, 'noiseMisses': 32, 'passHits': 318, 'passMisses': 132}, {'subBlock': 4, 'noiseHits': 65, 'noiseMisses': 25, 'passHits': 372, 'passMisses': 78}, {'subBlock': 5, 'noiseHits': 43, 'noiseMisses': 47, 'passHits': 229, 'passMisses': 221}, {'subBlock': 6, 'noiseHits': 55, 'noiseMisses': 35, 'passHits': 288, 'passMisses': 162}, {'subBlock': 7, 'noiseHits': 75, 'noiseMisses': 15, 'passHits': 352, 'passMisses': 98}]","[{'subBlock': 1, 'noiseHits': 274, 'noiseMisses': 86, 'passHits': 127, 'passMisses': 53}]","[{'subBlock': 1, 'noiseHits': 254, 'noiseMisses': 106, 'passHits': 136, 'passMisses': 44}]"
lTjVr73dlogXgHCeWTfGLQdmS6p1,AUD,"[{'subBlock': 1, 'noiseHits': 68, 'noiseMisses': 22, 'passHits': 320, 'passMisses': 130}, {'subBlock': 2, 'noiseHits': 64, 'noiseMisses': 26, 'passHits': 252, 'passMisses': 198}, {'subBlock': 3, 'noiseHits': 77, 'noiseMisses': 13, 'passHits': 381, 'passMisses': 69}, {'subBlock': 4, 'noiseHits': 57, 'noiseMisses': 33, 'passHits': 221, 'passMisses': 229}, {'subBlock': 5, 'noiseHits': 63, 'noiseMisses': 27, 'passHits': 303, 'passMisses': 147}, {'subBlock': 6, 'noiseHits': 85, 'noiseMisses': 5, 'passHits': 397, 'passMisses': 53}, {'subBlock': 7, 'noiseHits': 66, 'noiseMisses': 24, 'passHits': 256, 'passMisses': 194}]","[{'subBlock': 1, 'noiseHits': 231, 'noiseMisses': 129, 'passHits': 127, 'passMisses': 53}]","[{'subBlock': 1, 'noiseHits': 218, 'noiseMisses': 142, 'passHits': 120, 'passMisses': 60}]"
lZRCaob6pnZSBLAcPzTVC68SdyQ2,VIS,"[{'subBlock': 1, 'noiseHits': 56, 'noiseMisses': 34, 'passHits': 313, 'passMisses': 137}, {'subBlock': 2, 'noiseHits': 63, 'noiseMisses': 27, 'passHits': 283, 'passMisses': 167}, {'subBlock': 3, 'noiseHits': 63, 'noiseMisses': 27, 'passHits': 330, 'passMisses': 120}, {'subBlock': 4, 'noiseHits': 54, 'noiseMisses': 36, 'passHits': 270, 'passMisses': 180}, {'subBlock': 5, 'noiseHits': 77, 'noiseMisses': 13, 'passHits': 408, 'passMisses': 42}, {'subBlock': 6, 'noiseHits': 51, 'noiseMisses': 39, 'passHits': 272, 'passMisses': 178}, {'subBlock': 7, 'noiseHits': 51, 'noiseMisses': 39, 'passHits': 256, 'passMisses': 194}]","[{'subBlock': 1, 'noiseHits': 273, 'noiseMisses': 87, 'passHits': 122, 'passMisses': 58}]","[{'subBlock': 1, 'noiseHits': 286, 'noiseMisses': 74, 'passHits': 134, 'passMisses': 46}]"
m9im0sXWAieKNGpT0tKqvuZn7GT2,AUD,"[{'subBlock': 1, 'noiseHits': 62, 'noiseMisses': 28, 'passHits': 302, 'passMisses': 148}, {'subBlock': 2, 'noiseHits': 63, 'noiseMisses': 27, 'passHits': 305, 'passMisses': 145}, {'subBlock': 3, 'noiseHits': 64, 'noiseMisses': 26, 'passHits': 333, 'passMisses': 117}, {'subBlock': 4, 'noiseHits': 43, 'noiseMisses': 47, 'passHits': 283, 'passMisses': 167}, {'subBlock': 5, 'noiseHits': 48, 'noiseMisses': 42, 'passHits': 290, 'passMisses': 160}, {'subBlock': 6, 'noiseHits': 50, 'noiseMisses': 40, 'passHits': 292, 'passMisses': 158}, {'subBlock': 7, 'noiseHits': 69, 'noiseMisses': 21, 'passHits': 335, 'passMisses': 115}]","[{'subBlock': 1, 'noiseHits': 254, 'noiseMisses': 106, 'passHits': 122, 'passMisses': 58}]","[{'subBlock': 1, 'noiseHits': 243, 'noiseMisses': 117, 'passHits': 133, 'passMisses': 47}]"
mGXNMcZP85PBmMz1yo4mDf7Tzw42,CONTROL,"[{'subBlock': 1, 'noiseHits': 67, 'noiseMisses': 23, 'passHits': 288, 'passMisses': 162}, {'subBlock': 2, 'noiseHits': 59, 'noiseMisses': 31, 'passHits': 307, 'passMisses': 143}, {'subBlock': 3, 'noiseHits': 61, 'noiseMisses': 29, 'passHits': 282, 'passMisses': 168}, {'subBlock': 4, 'noiseHits': 89, 'noiseMisses': 1, 'passHits': 419, 'passMisses': 31}, {'subBlock': 5, 'noiseHits': 35, 'noiseMisses': 55, 'passHits': 259, 'passMisses': 191}, {'subBlock': 6, 'noiseHits': 54, 'noiseMisses': 36, 'passHits': 227, 'passMisses': 223}, {'subBlock': 7, 'noiseHits': 81, 'noiseMisses': 9, 'passHits': 375, 'passMisses': 75}]","[{'subBlock': 1, 'noiseHits': 235, 'noiseMisses': 125, 'passHits': 114, 'passMisses': 66}]","[{'subBlock': 1, 'noiseHits': 248, 'noiseMisses': 112, 'passHits': 131, 'passMisses': 49}]"
o8binMQoLzUh9BJZTs1perX5Md23,AUD,"[{'subBlock': 1, 'noiseHits': 50, 'noiseMisses': 40, 'passHits': 311, 'passMisses': 139}, {'subBlock': 2, 'noiseHits': 67, 'noiseMisses': 23, 'passHits': 329, 'passMisses': 121}, {'subBlock': 3, 'noiseHits': 51, 'noiseMisses': 39, 'passHits': 244, 'passMisses': 206}, {'subBlock': 4, 'noiseHits': 71, 'noiseMisses': 19, 'passHits': 400, 'passMisses': 50}, {'subBlock': 5, 'noiseHits': 64, 'noiseMisses': 26, 'passHits': 312, 'passMisses': 138}, {'subBlock': 6, 'noiseHits': 37, 'noiseMisses': 53, 'passHits': 186, 'passMisses': 264}, {'subBlock': 7, 'noiseHits': 61, 'noiseMisses': 29, 'passHits': 322, 'passMisses': 128}]","[{'subBlock': 1, 'noiseHits': 224, 'noiseMisses': 136, 'passHits': 121, 'passMisses': 59}]","[{'subBlock': 1, 'noiseHits': 226, 'noiseMisses': 134, 'passHits': 125, 'passMisses': 55}]"
oVvmvZwthoZYt5f7pLK6ej0ifCi1,AUD,"[{'subBlock': 1, 'noiseHits': 26, 'noiseMisses': 64, 'passHits': 127, 'passMisses': 323}, {'subBlock': 2, 'noiseHits': 67, 'noiseMisses': 23, 'passHits': 324, 'passMisses': 126}, {'subBlock': 3, 'noiseHits': 88, 'noiseMisses': 2, 'passHits': 421, 'passMisses': 29}, {'subBlock': 4, 'noiseHits': 83, 'noiseMisses': 7, 'passHits': 431, 'passMisses': 19}, {'subBlock': 5, 'noiseHits': 73, 'noiseMisses': 17, 'passHits': 368, 'passMisses': 82}, {'subBlock': 6, 'noiseHits': 66, 'noiseMisses': 24, 'passHits': 349, 'passMisses': 101}, {'subBlock': 7, 'noiseHits': 65, 'noiseMisses': 25, 'passHits': 353, 'passMisses': 97}]","[{'subBlock': 1, 'noiseHits': 258, 'noiseMisses': 102, 'passHits': 147, 'passMisses': 33}]","[{'subBlock': 1, 'noiseHits': 225, 'noiseMisses': 135, 'passHits': 157, 'passMisses': 23}]"
orjs0fWZ9WPEF8dRVztrbvWxXAM2,VIS,"[{'subBlock': 1, 'noiseHits': 56, 'noiseMisses': 34, 'passHits': 274, 'passMisses': 176}, {'subBlock': 2, 'noiseHits': 53, 'noiseMisses': 37, 'passHits': 369, 'passMisses': 81}, {'subBlock': 3, 'noiseHits': 63, 'noiseMisses': 27, 'passHits': 317, 'passMisses': 133}, {'subBlock': 4, 'noiseHits': 51, 'noiseMisses': 39, 'passHits': 270, 'passMisses': 180}, {'subBlock': 5, 'noiseHits': 58, 'noiseMisses': 32, 'passHits': 295, 'passMisses': 155}, {'subBlock': 6, 'noiseHits': 61, 'noiseMisses': 29, 'passHits': 305, 'passMisses': 145}, {'subBlock': 7, 'noiseHits': 48, 'noiseMisses': 42, 'passHits': 336, 'passMisses': 114}]","[{'subBlock': 1, 'noiseHits': 231, 'noiseMisses': 129, 'passHits': 113, 'passMisses': 67}]","[{'subBlock': 1, 'noiseHits': 211, 'noiseMisses': 149, 'passHits': 136, 'passMisses': 44}]"
pdp6v5uHutVWCXVypc857LDSFp23,CONTROL,"[{'subBlock': 1, 'noiseHits': 67, 'noiseMisses': 23, 'passHits': 318, 'passMisses': 132}, {'subBlock': 2, 'noiseHits': 75, 'noiseMisses': 15, 'passHits': 356, 'passMisses': 94}, {'subBlock': 3, 'noiseHits': 78, 'noiseMisses': 12, 'passHits': 367, 'passMisses': 83}, {'subBlock': 4, 'noiseHits': 82, 'noiseMisses': 8, 'passHits': 385, 'passMisses': 65}, {'subBlock': 5, 'noiseHits': 59, 'noiseMisses': 31, 'passHits': 305, 'passMisses': 145}, {'subBlock': 6, 'noiseHits': 64, 'noiseMisses': 26, 'passHits': 328, 'passMisses': 122}, {'subBlock': 7, 'noiseHits': 57, 'noiseMisses': 33, 'passHits': 333, 'passMisses': 117}]","[{'subBlock': 1, 'noiseHits': 262, 'noiseMisses': 98, 'passHits': 156, 'passMisses': 24}]","[{'subBlock': 1, 'noiseHits': 268, 'noiseMisses': 92, 'passHits': 141, 'passMisses': 39}]"
qrnrsPtAl6OKYxi8PWUJBIf78Xi1,AUD,"[{'subBlock': 1, 'noiseHits': 68, 'noiseMisses': 22, 'passHits': 335, 'passMisses': 115}, {'subBlock': 2, 'noiseHits': 46, 'noiseMisses': 44, 'passHits': 261, 'passMisses': 189}, {'subBlock': 3, 'noiseHits': 78, 'noiseMisses': 12, 'passHits': 404, 'passMisses': 46}, {'subBlock': 4, 'noiseHits': 74, 'noiseMisses': 16, 'passHits': 395, 'passMisses': 55}, {'subBlock': 5, 'noiseHits': 75, 'noiseMisses': 15, 'passHits': 390, 'passMisses': 60}, {'subBlock': 6, 'noiseHits': 73, 'noiseMisses': 17, 'passHits': 417, 'passMisses': 33}, {'subBlock': 7, 'noiseHits': 82, 'noiseMisses': 8, 'passHits': 422, 'passMisses': 28}]","[{'subBlock': 1, 'noiseHits': 225, 'noiseMisses': 135, 'passHits': 159, 'passMisses': 21}]","[{'subBlock': 1, 'noiseHits': 249, 'noiseMisses': 111, 'passHits': 134, 'passMisses': 46}]"
rfMoIwl5gPMzvdWYPG9x8CRiI0J3,VIS,"[{'subBlock': 1, 'noiseHits': 49, 'noiseMisses': 41, 'passHits': 299, 'passMisses': 151}, {'subBlock': 2, 'noiseHits': 69, 'noiseMisses': 21, 'passHits': 327, 'passMisses': 123}, {'subBlock': 3, 'noiseHits': 56, 'noiseMisses': 34, 'passHits': 261, 'passMisses': 189}, {'subBlock': 4, 'noiseHits': 71, 'noiseMisses': 19, 'passHits': 380, 'passMisses': 70}, {'subBlock': 5, 'noiseHits': 64, 'noiseMisses': 26, 'passHits': 336, 'passMisses': 114}, {'subBlock': 6, 'noiseHits': 56, 'noiseMisses': 34, 'passHits': 304, 'passMisses': 146}, {'subBlock': 7, 'noiseHits': 56, 'noiseMisses': 34, 'passHits': 319, 'passMisses': 131}]","[{'subBlock': 1, 'noiseHits': 248, 'noiseMisses': 112, 'passHits': 136, 'passMisses': 44}]","[{'subBlock': 1, 'noiseHits': 270, 'noiseMisses': 90, 'passHits': 140, 'passMisses': 40}]"
rjTjjlTAdcR7GY0qhwWtxR8BsEB2,VIS,"[{'subBlock': 1, 'noiseHits': 54, 'noiseMisses': 36, 'passHits': 312, 'passMisses': 138}, {'subBlock': 2, 'noiseHits': 55, 'noiseMisses': 35, 'passHits': 329, 'passMisses': 121}, {'subBlock': 3, 'noiseHits': 51, 'noiseMisses': 39, 'passHits': 305, 'passMisses': 145}, {'subBlock': 4, 'noiseHits': 57, 'noiseMisses': 33, 'passHits': 364, 'passMisses': 86}, {'subBlock': 5, 'noiseHits': 57, 'noiseMisses': 33, 'passHits': 370, 'passMisses': 80}, {'subBlock': 6, 'noiseHits': 62, 'noiseMisses': 28, 'passHits': 394, 'passMisses': 56}, {'subBlock': 7, 'noiseHits': 68, 'noiseMisses': 22, 'passHits': 410, 'passMisses': 40}]","[{'subBlock': 1, 'noiseHits': 241, 'noiseMisses': 119, 'passHits': 140, 'passMisses': 40}]","[{'subBlock': 1, 'noiseHits': 267, 'noiseMisses': 93, 'passHits': 150, 'passMisses': 30}]"
sHmjWiiMH3TMENd3erlUbNfcYh62,VIS,"[{'subBlock': 1, 'noiseHits': 61, 'noiseMisses': 29, 'passHits': 334, 'passMisses': 116}, {'subBlock': 2, 'noiseHits': 51, 'noiseMisses': 39, 'passHits': 251, 'passMisses': 199}, {'subBlock': 3, 'noiseHits': 73, 'noiseMisses': 17, 'passHits': 385, 'passMisses': 65}, {'subBlock': 4, 'noiseHits': 54, 'noiseMisses': 36, 'passHits': 291, 'passMisses': 159}, {'subBlock': 5, 'noiseHits': 59, 'noiseMisses': 31, 'passHits': 299, 'passMisses': 151}, {'subBlock': 6, 'noiseHits': 49, 'noiseMisses': 41, 'passHits': 291, 'passMisses': 159}, {'subBlock': 7, 'noiseHits': 58, 'noiseMisses': 32, 'passHits': 312, 'passMisses': 138}]","[{'subBlock': 1, 'noiseHits': 250, 'noiseMisses': 110, 'passHits': 138, 'passMisses': 42}]","[{'subBlock': 1, 'noiseHits': 247, 'noiseMisses': 113, 'passHits': 121, 'passMisses': 59}]"
skQEOtnHXBPm3ayiVZsymn0naLJ2,AUD,"[{'subBlock': 1, 'noiseHits': 58, 'noiseMisses': 32, 'passHits': 303, 'passMisses': 147}, {'subBlock': 2, 'noiseHits': 59, 'noiseMisses': 31, 'passHits': 337, 'passMisses': 113}, {'subBlock': 3, 'noiseHits': 59, 'noiseMisses': 31, 'passHits': 258, 'passMisses': 192}, {'subBlock': 4, 'noiseHits': 75, 'noiseMisses': 15, 'passHits': 349, 'passMisses': 101}, {'subBlock': 5, 'noiseHits': 75, 'noiseMisses': 15, 'passHits': 323, 'passMisses': 127}, {'subBlock': 6, 'noiseHits': 59, 'noiseMisses': 31, 'passHits': 297, 'passMisses': 153}, {'subBlock': 7, 'noiseHits': 74, 'noiseMisses': 16, 'passHits': 300, 'passMisses': 150}]","[{'subBlock': 1, 'noiseHits': 252, 'noiseMisses': 108, 'passHits': 138, 'passMisses': 42}]","[{'subBlock': 1, 'noiseHits': 254, 'noiseMisses': 106, 'passHits': 149, 'passMisses': 31}]"
u7cvTsEk3eTO9FQty7e8wZH0NY83,AUD,"[{'subBlock': 1, 'noiseHits': 67, 'noiseMisses': 23, 'passHits': 334, 'passMisses': 116}, {'subBlock': 2, 'noiseHits': 74, 'noiseMisses': 16, 'passHits': 360, 'passMisses': 90}, {'subBlock': 3, 'noiseHits': 73, 'noiseMisses': 17, 'passHits': 388, 'passMisses': 62}, {'subBlock': 4, 'noiseHits': 83, 'noiseMisses': 7, 'passHits': 418, 'passMisses': 32}, {'subBlock': 5, 'noiseHits': 85, 'noiseMisses': 5, 'passHits': 432, 'passMisses': 18}, {'subBlock': 6, 'noiseHits': 80, 'noiseMisses': 10, 'passHits': 420, 'passMisses': 30}, {'subBlock': 7, 'noiseHits': 84, 'noiseMisses': 6, 'passHits': 422, 'passMisses': 28}]","[{'subBlock': 1, 'noiseHits': 333, 'noiseMisses': 27, 'passHits': 176, 'passMisses': 4}]","[{'subBlock': 1, 'noiseHits': 345, 'noiseMisses': 15, 'passHits': 173, 'passMisses': 7}]"
uEJUpBKufKO3DmepKtVcTfFT6WU2,VIS,"[{'subBlock': 1, 'noiseHits': 74, 'noiseMisses': 16, 'passHits': 340, 'passMisses': 110}, {'subBlock': 2, 'noiseHits': 49, 'noiseMisses': 41, 'passHits': 304, 'passMisses': 146}, {'subBlock': 3, 'noiseHits': 36, 'noiseMisses': 54, 'passHits': 247, 'passMisses': 203}, {'subBlock': 4, 'noiseHits': 61, 'noiseMisses': 29, 'passHits': 381, 'passMisses': 69}, {'subBlock': 5, 'noiseHits': 65, 'noiseMisses': 25, 'passHits': 308, 'passMisses': 142}, {'subBlock': 6, 'noiseHits': 44, 'noiseMisses': 46, 'passHits': 277, 'passMisses': 173}, {'subBlock': 7, 'noiseHits': 31, 'noiseMisses': 59, 'passHits': 265, 'passMisses': 185}]","[{'subBlock': 1, 'noiseHits': 268, 'noiseMisses': 92, 'passHits': 135, 'passMisses': 45}]","[{'subBlock': 1, 'noiseHits': 175, 'noiseMisses': 185, 'passHits': 110, 'passMisses': 70}]"
umG8DQRaeVd6RPOJfoLKNdclG8e2,CONTROL,"[{'subBlock': 1, 'noiseHits': 66, 'noiseMisses': 24, 'passHits': 308, 'passMisses': 142}, {'subBlock': 2, 'noiseHits': 63, 'noiseMisses': 27, 'passHits': 280, 'passMisses': 170}, {'subBlock': 3, 'noiseHits': 73, 'noiseMisses': 17, 'passHits': 361, 'passMisses': 89}, {'subBlock': 4, 'noiseHits': 48, 'noiseMisses': 42, 'passHits': 280, 'passMisses': 170}, {'subBlock': 5, 'noiseHits': 46, 'noiseMisses': 44, 'passHits': 247, 'passMisses': 203}, {'subBlock': 6, 'noiseHits': 75, 'noiseMisses': 15, 'passHits': 390, 'passMisses': 60}, {'subBlock': 7, 'noiseHits': 71, 'noiseMisses': 19, 'passHits': 335, 'passMisses': 115}]","[{'subBlock': 1, 'noiseHits': 245, 'noiseMisses': 115, 'passHits': 123, 'passMisses': 57}]","[{'subBlock': 1, 'noiseHits': 242, 'noiseMisses': 118, 'passHits': 132, 'passMisses': 48}]"
wFRIlVm6H0N0WjSBNg3EMMaTf0H3,CONTROL,"[{'subBlock': 1, 'noiseHits': 61, 'noiseMisses': 29, 'passHits': 270, 'passMisses': 180}, {'subBlock': 2, 'noiseHits': 78, 'noiseMisses': 12, 'passHits': 409, 'passMisses': 41}, {'subBlock': 3, 'noiseHits': 46, 'noiseMisses': 44, 'passHits': 190, 'passMisses': 260}, {'subBlock': 4, 'noiseHits': 73, 'noiseMisses': 17, 'passHits': 350, 'passMisses': 100}, {'subBlock': 5, 'noiseHits': 69, 'noiseMisses': 21, 'passHits': 331, 'passMisses': 119}, {'subBlock': 6, 'noiseHits': 65, 'noiseMisses': 25, 'passHits': 297, 'passMisses': 153}, {'subBlock': 7, 'noiseHits': 70, 'noiseMisses': 20, 'passHits': 313, 'passMisses': 137}]","[{'subBlock': 1, 'noiseHits': 251, 'noiseMisses': 109, 'passHits': 120, 'passMisses': 60}]","[{'subBlock': 1, 'noiseHits': 275, 'noiseMisses': 85, 'passHits': 132, 'passMisses': 48}]"
xTyF5REL0bUIT99Hkx2YCWC75572,AUD,"[{'subBlock': 1, 'noiseHits': 59, 'noiseMisses': 31, 'passHits': 311, 'passMisses': 139}, {'subBlock': 2, 'noiseHits': 67, 'noiseMisses': 23, 'passHits': 320, 'passMisses': 130}, {'subBlock': 3, 'noiseHits': 64, 'noiseMisses': 26, 'passHits': 317, 'passMisses': 133}, {'subBlock': 4, 'noiseHits': 70, 'noiseMisses': 20, 'passHits': 350, 'passMisses': 100}, {'subBlock': 5, 'noiseHits': 77, 'noiseMisses': 13, 'passHits': 344, 'passMisses': 106}, {'subBlock': 6, 'noiseHits': 63, 'noiseMisses': 27, 'passHits': 359, 'passMisses': 91}, {'subBlock': 7, 'noiseHits': 73, 'noiseMisses': 17, 'passHits': 376, 'passMisses': 74}]","[{'subBlock': 1, 'noiseHits': 267, 'noiseMisses': 93, 'passHits': 138, 'passMisses': 42}]","[{'subBlock': 1, 'noiseHits': 259, 'noiseMisses': 101, 'passHits': 158, 'passMisses': 22}]"
y00ZoK3RqXad5jH5FESwAXkd0Ki1,VIS,"[{'subBlock': 1, 'noiseHits': 64, 'noiseMisses': 26, 'passHits': 288, 'passMisses': 162}, {'subBlock': 2, 'noiseHits': 73, 'noiseMisses': 17, 'passHits': 328, 'passMisses': 122}, {'subBlock': 3, 'noiseHits': 78, 'noiseMisses': 12, 'passHits': 387, 'passMisses': 63}, {'subBlock': 4, 'noiseHits': 61, 'noiseMisses': 29, 'passHits': 306, 'passMisses': 144}, {'subBlock': 5, 'noiseHits': 65, 'noiseMisses': 25, 'passHits': 316, 'passMisses': 134}, {'subBlock': 6, 'noiseHits': 62, 'noiseMisses': 28, 'passHits': 311, 'passMisses': 139}, {'subBlock': 7, 'noiseHits': 65, 'noiseMisses': 25, 'passHits': 339, 'passMisses': 111}]","[{'subBlock': 1, 'noiseHits': 287, 'noiseMisses': 73, 'passHits': 119, 'passMisses': 61}]","[{'subBlock': 1, 'noiseHits': 266, 'noiseMisses': 94, 'passHits': 107, 'passMisses': 73}]"
